metric,n_df,d_df,f_value,p_chisq,direction_disease,p.value_disease,direction_antibiotic,p.value_antibiotic,direction_time,p.value_time
richness,4,91.06697708717452,2.73884330318298,0.03339716020300023,-,0.41455533990756954,-,0.02276332542556666,-,0.7103534319186688
evenness,4,9.75442132633756,1.447562468855329,0.2901971710010189,+,0.11617987897240281,-,0.8474807225432885,-,0.12166795050183074
diversity,4,12.198931631388186,1.738409595509579,0.2052091800587485,+,0.3254909546178467,-,0.11603574960327193,-,0.7142498710109627
dominance,4,22.603691897463076,2.5266800324212353,0.06893154145330421,-,0.8961612772690969,+,0.03410485859437862,+,0.7960485901985819
phylo,4,25.512455558397825,1.6019288423268276,0.20426332333717329,-,0.0971531029455779,-,0.11502538356823123,-,0.64976265100534
