metric,Chisq,p_chisq,direction_disease,p.value_disease,direction_antibiotic,p.value_antibiotic,direction_time,p.value_time
richness,41.148844769697625,2.5036929534271618e-8,-,1.0119353163672565e-6,-,1.3401155083569679e-4,+,0.9027713650905841
evenness,5.683276515698116,0.22408286722244378,+,0.13053039467123723,-,0.8527183068116679,-,0.09138270713876163
diversity,8.146998409357561,0.08633946833313903,+,0.35778627022178894,-,0.021777836556013577,-,0.7986679031245645
dominance,11.922296358387063,0.017938541038119538,-,0.9224452643067143,+,0.002436746661617189,+,0.40344944593116944
phylo,5.737263000073264,0.21964763558291633,-,0.1555980031789199,-,0.05917926183229048,-,0.515916450421814
